sample,Vin,Vout,R1,phase,freq,type,length,Z,Re(Z),Im(Z),state
1,5,0.7141,12280,39.9285,20,doc,1cm,2046.05,1875.84,-1404.7,0_0
1,5,0.1111,12280,40.3894,25.1188643,doc,1cm,279.06,275.98,-182.91,0_0
1,5,1.0978,12280,41.3579,39.8107171,doc,1cm,3454.71,2927.91,-2479.17,0_0
1,5,0.9097,12280,40.5456,63.0957344,doc,1cm,2731.12,2415.51,-1919.61,0_0
1,5,0.7527,12280,38.3347,100,doc,1cm,2176.24,1996.47,-1457.89,0_0
1,5,0.6323,12280,35.5337,158.489319,doc,1cm,1777.74,1674.28,-1114.0,0_0
1,5,0.5405,12280,32.4873,251.188643,doc,1cm,1488.36,1427.56,-859.74,0_0
1,5,0.4715,12280,29.6388,398.107171,doc,1cm,1278.57,1241.18,-677.74,0_0
1,5,0.4197,12280,27.4704,630.957344,doc,1cm,1125.24,1100.37,-554.12,0_0
1,5,0.3751,12280,26.2642,1000,doc,1cm,995.96,978.22,-468.0,0_0
1,5,0.337,12280,26.1594,1584.89319,doc,1cm,887.49,873.59,-412.99,0_0
1,5,0.3004,12280,27.3413,2511.88643,doc,1cm,784.94,773.16,-377.82,0_0
1,5,0.2632,12280,29.42,3981.07171,doc,1cm,682.34,672.14,-348.52,0_0
1,5,0.2257,12280,31.8725,6309.57344,doc,1cm,580.52,571.96,-316.3,0_0
1,5,0.1891,12280,34.0584,10000,doc,1cm,482.68,475.99,-277.06,0_0
1,5,0.1559,12280,35.5302,15848.9319,doc,1cm,395.21,390.36,-234.17,0_0
1,5,0.1273,12280,36.1596,25118.8643,doc,1cm,320.82,317.52,-192.25,0_0
1,5,0.1039,12280,35.7854,39810.7171,doc,1cm,260.59,258.46,-154.35,0_0
1,5,0.0853,12280,34.2173,63095.7344,doc,1cm,213.13,211.83,-121.19,0_0
1,5,0.0712,12280,31.5936,100000,doc,1cm,177.39,176.62,-93.87,0_0
1,5,0.0609,12280,28.4855,158489.319,doc,1cm,151.41,150.95,-72.89,0_0
1,5,0.0569,12280,26.9346,200000,doc,1cm,141.36,140.99,-64.6,0_0
1,5,1.5762,12280,40.9092,20,ngang,1cm,5653.29,4255.16,-4069.83,0_0
1,5,0.0733,12280,40.2594,25.1188643,ngang,1cm,182.7,181.39,-118.98,0_0
1,5,1.1223,12280,40.9118,39.8107171,ngang,1cm,3554.13,3005.74,-2538.42,0_0
1,5,0.9254,12280,39.6761,63.0957344,ngang,1cm,2788.96,2471.42,-1936.4,0_0
1,5,0.7671,12280,37.0451,100,ngang,1cm,2225.42,2048.26,-1457.69,0_0
1,5,0.6487,12280,33.9763,158.489319,ngang,1cm,1830.73,1729.45,-1110.66,0_0
1,5,0.5578,12280,30.7096,251.188643,ngang,1cm,1541.98,1483.11,-852.56,0_0
1,5,0.493,12280,27.7564,398.107171,ngang,1cm,1343.25,1306.71,-675.14,0_0
1,5,0.435,12280,25.6967,630.957344,ngang,1cm,1170.16,1146.46,-544.5,0_0
1,5,0.3932,12280,24.3961,1000,ngang,1cm,1048.12,1031.04,-462.22,0_0
1,5,0.3572,12280,24.2999,1584.89319,ngang,1cm,944.78,931.08,-412.64,0_0
1,5,0.321,12280,25.4141,2511.88643,ngang,1cm,842.46,830.65,-380.95,0_0
1,5,0.2842,12280,27.3993,3981.07171,ngang,1cm,740.06,729.57,-355.99,0_0
1,5,0.246,12280,29.7664,6309.57344,ngang,1cm,635.44,626.42,-327.1,0_0
1,5,0.2092,12280,32.0235,10000,ngang,1cm,536.23,528.87,-292.7,0_0
1,5,0.1748,12280,33.7224,15848.9319,ngang,1cm,444.86,439.29,-252.73,0_0
1,5,0.144,12280,34.6791,25118.8643,ngang,1cm,364.15,360.22,-211.05,0_0
1,5,0.1182,12280,34.6479,39810.7171,ngang,1cm,297.33,294.72,-171.62,0_0
1,5,0.0973,12280,33.3634,63095.7344,ngang,1cm,243.71,242.08,-135.78,0_0
1,5,0.0815,12280,30.9515,100000,ngang,1cm,203.48,202.5,-105.88,0_0
1,5,0.0701,12280,28.0658,158489.319,ngang,1cm,174.61,174.02,-83.04,0_0
1,5,0.0655,12280,26.5815,200000,ngang,1cm,163.0,162.54,-73.7,0_0
1,5,1.187,12280,53.1078,20,doc,1cm,3822.81,2881.78,-3022.74,1_0
1,5,0.9352,12280,53.9878,25.1188643,doc,1cm,2825.29,2290.61,-2279.52,1_0
1,5,0.7168,12280,53.7012,39.8107171,doc,1cm,2055.08,1772.24,-1667.61,1_0
1,5,0.5468,12280,52.2106,63.0957344,doc,1cm,1507.84,1362.18,-1208.84,1_0
1,5,0.4208,12280,48.8818,100,doc,1cm,1128.46,1055.78,-868.57,1_0
1,5,0.3286,12280,44.4888,158.489319,doc,1cm,863.81,827.99,-621.11,1_0
1,5,0.2646,12280,39.42,251.188643,doc,1cm,686.17,668.18,-448.04,1_0
1,5,0.2205,12280,34.2445,398.107171,doc,1cm,566.53,557.18,-328.02,1_0
1,5,0.0335,12280,29.4451,630.957344,doc,1cm,82.83,82.68,-40.92,1_0
1,5,0.1677,12280,25.3682,1000,doc,1cm,426.16,423.22,-187.62,1_0
1,5,0.1518,12280,22.2252,1584.89319,doc,1cm,384.49,382.65,-149.27,1_0
1,5,0.138,12280,20.0474,2511.88643,doc,1cm,348.55,347.31,-122.44,1_0
1,5,0.1277,12280,18.8521,3981.07171,doc,1cm,321.85,320.92,-106.42,1_0
1,5,0.1177,12280,18.5787,6309.57344,doc,1cm,296.04,295.28,-96.35,1_0
1,5,0.108,12280,19.0214,10000,doc,1cm,271.1,270.43,-90.09,1_0
1,5,0.0986,12280,19.9019,15848.9319,doc,1cm,247.03,246.42,-85.57,1_0
1,5,0.0889,12280,21.008,25118.8643,doc,1cm,222.29,221.74,-80.94,1_0
1,5,0.0795,12280,21.9979,39810.7171,doc,1cm,198.41,197.93,-75.34,1_0
1,5,0.0704,12280,22.615,63095.7344,doc,1cm,175.37,174.98,-68.25,1_0
1,5,0.0626,12280,22.5877,100000,doc,1cm,155.69,155.39,-60.44,1_0
1,5,0.0557,12280,22.3116,158489.319,doc,1cm,138.34,138.1,-53.02,1_0
1,5,0.0544,12280,22.1359,200000,doc,1cm,135.08,134.85,-51.37,1_0
1,5,0.0682,12280,58.4598,20,doc,1cm,169.82,167.55,-144.79,2_0
1,5,0.56,12280,58.2667,25.1188643,doc,1cm,1548.83,1364.78,-1307.38,2_0
1,5,0.4226,12280,58.4554,39.8107171,doc,1cm,1133.73,1034.08,-962.81,2_0
1,5,0.3152,12280,48.4962,63.0957344,doc,1cm,826.22,787.95,-629.88,2_0
1,5,0.198,12280,56.3376,100,doc,1cm,506.34,487.6,-422.64,2_0
1,5,0.151,12280,53.2136,158.489319,doc,1cm,382.4,372.75,-307.86,2_0
1,5,0.1303,12280,48.5312,251.188643,doc,1cm,328.58,322.56,-248.19,2_0
1,5,0.096,12280,43.1948,398.107171,doc,1cm,240.39,237.8,-165.97,2_0
1,5,0.0828,12280,37.124,630.957344,doc,1cm,206.78,205.34,-126.03,2_0
1,5,0.0703,12280,31.4398,1000,doc,1cm,175.12,174.37,-92.25,2_0
1,5,0.0616,12280,26.2872,1584.89319,doc,1cm,153.18,152.77,-68.5,2_0
1,5,0.0555,12280,22.2054,2511.88643,doc,1cm,137.84,137.6,-52.59,2_0
1,5,0.0509,12280,19.2446,3981.07171,doc,1cm,126.3,126.15,-42.01,2_0
1,5,0.0474,12280,17.1869,6309.57344,doc,1cm,117.53,117.43,-35.03,2_0
1,5,0.0442,12280,16.1422,10000,doc,1cm,109.52,109.44,-30.7,2_0
1,5,0.0414,12280,15.9965,15848.9319,doc,1cm,102.53,102.46,-28.47,2_0
1,5,0.0386,12280,16.6017,25118.8643,doc,1cm,95.54,95.48,-27.49,2_0
1,5,0.0357,12280,17.6989,39810.7171,doc,1cm,88.31,88.25,-27.02,2_0
1,5,0.0327,12280,18.9363,63095.7344,doc,1cm,80.84,80.78,-26.39,2_0
1,5,0.0296,12280,20.2264,100000,doc,1cm,73.13,73.08,-25.42,2_0
1,5,0.0264,12280,21.3384,158489.319,doc,1cm,65.18,65.13,-23.83,2_0
1,5,0.0249,12280,21.8367,200000,doc,1cm,61.46,61.41,-22.96,2_0
10,5,0.9842,12280,56.1786,20,doc,1cm,3009.61,2368.22,-2450.09,0_0
10,5,0.8582,12280,56.9649,25.1188643,doc,1cm,2544.47,2072.43,-2097.77,0_0
10,5,0.2705,12280,45.3007,39.8107171,doc,1cm,702.34,677.96,-509.51,0_0
10,5,0.49,12280,47.9015,63.0957344,doc,1cm,1334.19,1235.9,-1016.78,0_0
10,5,0.3676,12280,55.7207,100,doc,1cm,974.47,906.49,-808.6,0_0
10,5,0.276,12280,52.8939,158.489319,doc,1cm,717.46,683.81,-577.29,0_0
10,5,0.2109,12280,48.883,251.188643,doc,1cm,540.78,524.21,-412.36,0_0
10,5,0.1639,12280,43.933,398.107171,doc,1cm,416.18,408.14,-292.8,0_0
10,5,0.1323,12280,38.3275,630.957344,doc,1cm,333.76,329.77,-210.08,0_0
10,5,0.1112,12280,32.6644,1000,doc,1cm,279.32,277.26,-153.06,0_0
10,5,0.0965,12280,27.3769,1584.89319,doc,1cm,241.67,240.58,-112.81,0_0
10,5,0.0858,12280,22.9099,2511.88643,doc,1cm,214.4,213.8,-84.68,0_0
10,5,0.0785,12280,19.2759,3981.07171,doc,1cm,195.87,195.51,-65.57,0_0
10,5,0.073,12280,16.5443,6309.57344,doc,1cm,181.94,181.72,-52.51,0_0
10,5,0.0685,12280,14.706,10000,doc,1cm,170.57,170.41,-43.86,0_0
10,5,0.0648,12280,13.8367,15848.9319,doc,1cm,161.24,161.11,-39.04,0_0
10,5,0.0612,12280,13.6975,25118.8643,doc,1cm,152.17,152.06,-36.45,0_0
10,5,0.0577,12280,14.136,39810.7171,doc,1cm,143.37,143.26,-35.4,0_0
10,5,0.054,12280,14.8017,63095.7344,doc,1cm,134.07,133.97,-34.6,0_0
10,5,0.0502,12280,15.5151,100000,doc,1cm,124.54,124.45,-33.63,0_0
10,5,0.0463,12280,16.3028,158489.319,doc,1cm,114.78,114.69,-32.5,0_0
10,5,0.0445,12280,16.7433,200000,doc,1cm,110.27,110.19,-32.03,0_0
10,5,0.9181,12280,50.0495,20,ngang,1cm,2762.01,2306.74,-2166.39,0_0
10,5,0.2311,12280,47.6726,25.1188643,ngang,1cm,595.09,575.91,-446.45,0_0
10,5,0.5894,12280,57.4926,39.8107171,ngang,1cm,1641.01,1439.03,-1375.98,0_0
10,5,0.4475,12280,57.3887,63.0957344,ngang,1cm,1207.1,1097.62,-1015.63,0_0
10,5,0.3369,12280,55.7551,100,ngang,1cm,887.21,830.78,-736.49,0_0
10,5,0.2541,12280,53.1966,158.489319,ngang,1cm,657.48,628.94,-530.63,0_0
10,5,0.1934,12280,49.4559,251.188643,ngang,1cm,494.1,479.98,-379.46,0_0
10,5,0.1505,12280,44.6334,398.107171,ngang,1cm,381.1,374.16,-271.06,0_0
10,5,0.1207,12280,38.908,630.957344,ngang,1cm,303.77,300.37,-193.34,0_0
10,5,0.1006,12280,32.8683,1000,ngang,1cm,252.15,250.45,-138.72,0_0
10,5,0.0875,12280,27.0519,1584.89319,ngang,1cm,218.73,217.86,-100.85,0_0
10,5,0.0784,12280,21.939,2511.88643,ngang,1cm,195.62,195.16,-74.08,0_0
10,5,0.0721,12280,18.061,3981.07171,ngang,1cm,179.67,179.4,-56.43,0_0
10,5,0.0676,12280,15.0627,6309.57344,ngang,1cm,168.3,168.14,-44.29,0_0
10,5,0.0642,12280,13.1565,10000,ngang,1cm,159.73,159.61,-36.8,0_0
10,5,0.0612,12280,12.2441,15848.9319,ngang,1cm,152.17,152.08,-32.65,0_0
10,5,0.0583,12280,12.1274,25118.8643,ngang,1cm,144.87,144.8,-30.78,0_0
10,5,0.0553,12280,12.452,39810.7171,ngang,1cm,137.34,137.26,-29.93,0_0
10,5,0.0522,12280,13.0945,63095.7344,ngang,1cm,129.56,129.48,-29.65,0_0
10,5,0.0491,12280,13.7273,100000,ngang,1cm,121.79,121.71,-29.17,0_0
10,5,0.0457,12280,14.5493,158489.319,ngang,1cm,113.27,113.21,-28.7,0_0
10,5,0.0441,12280,15.0126,200000,ngang,1cm,109.27,109.21,-28.54,0_0
10,5,0.0985,12280,57.1632,20,doc,1cm,246.78,242.19,-207.62,1_0
10,5,0.2859,12280,57.8802,25.1188643,doc,1cm,744.76,702.32,-631.0,1_0
10,5,0.533,12280,58.8955,39.8107171,doc,1cm,1465.24,1297.45,-1243.69,1_0
10,5,0.3962,12280,59.4162,63.0957344,doc,1cm,1056.81,967.76,-904.99,1_0
10,5,0.2902,12280,58.2647,100,doc,1cm,756.65,712.35,-643.28,1_0
10,5,0.2128,12280,55.9839,158.489319,doc,1cm,545.87,524.34,-454.0,1_0
10,5,0.1573,12280,52.1971,251.188643,doc,1cm,398.88,388.73,-317.17,1_0
10,5,0.1199,12280,46.9007,398.107171,doc,1cm,301.71,296.94,-222.17,1_0
10,5,0.0949,12280,40.4714,630.957344,doc,1cm,237.58,235.34,-155.72,1_0
10,5,0.0782,12280,33.6274,1000,doc,1cm,195.11,194.05,-109.18,1_0
10,5,0.0677,12280,27.126,1584.89319,doc,1cm,168.55,168.03,-77.67,1_0
10,5,0.0608,12280,21.5517,2511.88643,doc,1cm,151.16,150.9,-56.11,1_0
10,5,0.0564,12280,16.9712,3981.07171,doc,1cm,140.1,139.96,-41.32,1_0
10,5,0.0532,12280,13.5611,6309.57344,doc,1cm,132.06,131.98,-31.28,1_0
10,5,0.0509,12280,11.1302,10000,doc,1cm,126.3,126.25,-24.62,1_0
10,5,0.0492,12280,9.5664,15848.9319,doc,1cm,122.04,122.0,-20.48,1_0
10,5,0.0476,12280,9.0018,25118.8643,doc,1cm,118.03,118.0,-18.64,1_0
10,5,0.046,12280,9.0577,39810.7171,doc,1cm,114.03,114.0,-18.11,1_0
10,5,0.0443,12280,9.4908,63095.7344,doc,1cm,109.77,109.75,-18.26,1_0
10,5,0.0425,12280,10.2506,100000,doc,1cm,105.27,105.25,-18.89,1_0
10,5,0.0404,12280,11.3711,158489.319,doc,1cm,100.03,100.0,-19.88,1_0
10,5,0.0393,12280,12.0041,200000,doc,1cm,97.29,97.25,-20.39,1_0
10,5,0.6529,12280,57.8482,20,doc,1cm,1844.36,1587.44,-1546.13,2_0
10,5,0.571,12280,58.7742,25.1188643,doc,1cm,1583.17,1388.27,-1340.45,2_0
10,5,0.4312,12280,60.4688,39.8107171,doc,1cm,1158.98,1048.89,-998.94,2_0
10,5,0.3176,12280,61.8813,63.0957344,doc,1cm,832.93,773.53,-728.65,2_0
10,5,0.231,12280,62.1504,100,doc,1cm,594.82,564.17,-523.09,2_0
10,5,0.1655,12280,61.6131,158.489319,doc,1cm,420.38,405.25,-368.8,2_0
10,5,0.1192,12280,60.0602,251.188643,doc,1cm,299.9,292.52,-259.72,2_0
10,5,0.086,12280,57.2216,398.107171,doc,1cm,214.91,211.43,-180.9,2_0
10,5,0.0633,12280,52.9229,630.957344,doc,1cm,157.46,155.83,-125.94,2_0
10,5,0.0479,12280,47.1942,1000,doc,1cm,118.78,118.03,-87.44,2_0
10,5,0.038,12280,40.7817,1584.89319,doc,1cm,94.04,93.68,-61.67,2_0
10,5,0.0313,12280,33.8323,2511.88643,doc,1cm,77.36,77.19,-43.25,2_0
10,5,0.027,12280,27.3264,3981.07171,doc,1cm,66.67,66.59,-30.74,2_0
10,5,0.0242,12280,21.6031,6309.57344,doc,1cm,59.72,59.68,-22.08,2_0
10,5,0.0224,12280,16.9084,10000,doc,1cm,55.26,55.24,-16.14,2_0
10,5,0.0203,12280,13.2857,15848.9319,doc,1cm,50.06,50.05,-11.55,2_0
10,5,0.0194,12280,10.5244,25118.8643,doc,1cm,47.83,47.83,-8.77,2_0
10,5,0.0188,12280,8.5534,39810.7171,doc,1cm,46.35,46.34,-6.92,2_0
10,5,0.0192,12280,7.2038,63095.7344,doc,1cm,47.34,47.33,-5.96,2_0
10,5,0.0188,12280,6.2915,100000,doc,1cm,46.35,46.34,-5.1,2_0
10,5,0.0185,12280,6.2558,158489.319,doc,1cm,45.6,45.6,-4.99,2_0
10,5,0.0184,12280,6.3458,200000,doc,1cm,45.36,45.36,-5.03,2_0
2,5,1.1179,12280,37.7828,20,doc,1cm,3536.18,3059.99,-2414.83,0_0
2,5,1.2237,12280,35.4865,25.1188643,doc,1cm,3979.3,3431.97,-2638.1,0_0
2,5,0.9556,12280,44.2792,39.8107171,doc,1cm,2901.49,2488.24,-2147.88,0_0
2,5,0.7796,12280,43.1874,63.0957344,doc,1cm,2268.38,2027.74,-1644.28,0_0
2,5,0.6549,12280,40.3295,100,doc,1cm,1850.86,1709.75,-1273.4,0_0
2,5,0.545,12280,37.0363,158.489319,doc,1cm,1502.27,1423.31,-962.23,0_0
2,5,0.4613,12280,33.5471,251.188643,doc,1cm,1248.1,1203.15,-732.51,0_0
2,5,0.3988,12280,30.2614,398.107171,doc,1cm,1064.34,1037.66,-568.27,0_0
2,5,0.3507,12280,27.6093,630.957344,doc,1cm,926.29,909.45,-453.29,0_0
2,5,0.3128,12280,25.9861,1000,doc,1cm,819.51,807.85,-377.6,0_0
2,5,0.2814,12280,25.2941,1584.89319,doc,1cm,732.33,723.54,-327.59,0_0
2,5,0.2517,12280,25.7228,2511.88643,doc,1cm,650.94,643.8,-294.24,0_0
2,5,0.2235,12280,26.9898,3981.07171,doc,1cm,574.6,568.51,-270.09,0_0
2,5,0.1551,12280,28.7843,6309.57344,doc,1cm,393.12,389.92,-193.77,0_0
2,5,0.1672,12280,30.7224,10000,doc,1cm,424.85,420.61,-222.32,0_0
2,5,0.1412,12280,32.4997,15848.9319,doc,1cm,356.87,353.54,-195.48,0_0
2,5,0.1173,12280,33.6565,25118.8643,doc,1cm,295.01,292.58,-166.06,0_0
2,5,0.0966,12280,33.8385,39810.7171,doc,1cm,241.92,240.28,-136.44,0_0
2,5,0.0797,12280,32.7439,63095.7344,doc,1cm,198.91,197.87,-108.76,0_0
2,5,0.0669,12280,30.4007,100000,doc,1cm,166.53,165.9,-85.1,0_0
2,5,0.0576,12280,27.4735,158489.319,doc,1cm,143.11,142.73,-66.62,0_0
2,5,0.0538,12280,25.9601,200000,doc,1cm,133.57,133.27,-58.97,0_0
2,5,1.3856,12280,41.7578,20,ngang,1cm,4707.61,3708.01,-3416.54,0_0
2,5,1.2304,12280,41.7853,25.1188643,ngang,1cm,4008.2,3284.42,-2903.19,0_0
2,5,1.0098,12280,40.8802,39.8107171,ngang,1cm,3107.7,2691.08,-2207.2,0_0
2,5,0.836,12280,38.8623,63.0957344,ngang,1cm,2465.44,2227.51,-1678.4,0_0
2,5,0.6972,12280,35.6156,100,ngang,1cm,1989.78,1858.71,-1257.88,0_0
2,5,0.5946,12280,32.0633,158.489319,ngang,1cm,1657.44,1583.35,-954.03,0_0
2,5,0.5178,12280,28.5727,251.188643,ngang,1cm,1418.63,1375.4,-733.84,0_0
2,5,0.4627,12280,25.5872,398.107171,ngang,1cm,1252.28,1225.23,-583.14,0_0
2,5,0.4166,12280,23.3981,630.957344,ngang,1cm,1116.17,1098.23,-475.78,0_0
2,5,0.3819,12280,22.2568,1000,ngang,1cm,1015.51,1002.12,-410.96,0_0
2,5,0.3494,12280,22.3471,1584.89319,ngang,1cm,922.6,911.52,-372.62,0_0
2,5,0.3175,12280,23.7262,2511.88643,ngang,1cm,832.65,822.56,-353.42,0_0
2,5,0.2843,12280,26.2249,3981.07171,ngang,1cm,740.34,730.7,-342.37,0_0
2,5,0.2485,12280,29.4086,6309.57344,ngang,1cm,642.24,633.23,-327.21,0_0
2,5,0.2114,12280,32.6824,10000,ngang,1cm,542.12,534.29,-301.26,0_0
2,5,0.1752,12280,35.4283,15848.9319,ngang,1cm,445.92,439.76,-264.2,0_0
2,5,0.142,12280,37.1234,25118.8643,ngang,1cm,358.95,354.6,-220.28,0_0
2,5,0.1144,12280,37.4697,39810.7171,ngang,1cm,287.55,284.71,-177.27,0_0
2,5,0.0923,12280,36.3184,63095.7344,ngang,1cm,230.95,229.23,-138.33,0_0
2,5,0.0758,12280,33.7681,100000,ngang,1cm,189.03,188.03,-106.13,0_0
2,5,0.064,12280,30.452,158489.319,ngang,1cm,159.22,158.64,-81.45,0_0
2,5,0.0594,12280,28.7352,200000,ngang,1cm,147.64,147.19,-71.62,0_0
2,5,1.1546,12280,39.5463,20,doc,1cm,3687.13,3127.78,-2589.65,1_0
2,5,1.0548,12280,38.2833,25.1188643,doc,1cm,3283.22,2865.36,-2250.06,1_0
2,5,0.8762,12280,34.7812,39.8107171,doc,1cm,2609.18,2389.08,-1652.51,1_0
2,5,0.7484,12280,30.4423,63.0957344,doc,1cm,2161.62,2044.8,-1218.47,1_0
2,5,0.6537,12280,25.3934,100,doc,1cm,1846.96,1787.14,-881.68,1_0
2,5,0.5905,12280,20.9223,158.489319,doc,1cm,1644.48,1612.16,-652.82,1_0
2,5,0.5539,12280,17.4853,251.188643,doc,1cm,1529.86,1510.28,-510.32,1_0
2,5,0.5194,12280,15.2453,398.107171,doc,1cm,1423.52,1410.66,-413.94,1_0
2,5,0.4962,12280,14.3823,630.957344,doc,1cm,1352.93,1342.62,-370.24,1_0
2,5,0.4709,12280,14.8105,1000,doc,1cm,1276.78,1267.1,-357.58,1_0
2,5,0.4456,12280,16.4776,1584.89319,doc,1cm,1201.47,1190.94,-370.86,1_0
2,5,0.4159,12280,19.2768,2511.88643,doc,1cm,1114.12,1101.88,-396.78,1_0
2,5,0.3793,12280,23.1638,3981.07171,doc,1cm,1008.03,993.77,-423.01,1_0
2,5,0.3363,12280,27.803,6309.57344,doc,1cm,885.51,869.95,-435.05,1_0
2,5,0.2882,12280,32.733,10000,doc,1cm,751.11,735.9,-422.28,1_0
2,5,0.238,12280,37.3661,15848.9319,doc,1cm,613.74,600.76,-382.85,1_0
2,5,0.1907,12280,41.0714,25118.8643,doc,1cm,486.93,477.21,-325.98,1_0
2,5,0.1492,12280,43.4107,39810.7171,doc,1cm,377.71,371.23,-262.99,1_0
2,5,0.1157,12280,43.9046,63095.7344,doc,1cm,290.89,286.97,-203.74,1_0
2,5,0.0905,12280,42.6065,100000,doc,1cm,226.37,224.12,-154.53,1_0
2,5,0.0718,12280,40.0104,158489.319,doc,1cm,178.91,177.67,-115.9,1_0
2,5,0.0646,12280,38.332,200000,doc,1cm,160.73,159.81,-100.42,1_0
2,5,0.4904,12280,49.7539,20,doc,1cm,1335.4,1230.23,-1041.25,2_0
2,5,0.4439,12280,56.0162,25.1188643,doc,1cm,1196.44,1093.15,-994.91,2_0
2,5,0.2998,12280,55.0886,39.8107171,doc,1cm,783.27,740.2,-645.8,2_0
2,5,0.2543,12280,53.6817,63.0957344,doc,1cm,658.03,628.98,-534.02,2_0
2,5,0.1921,12280,51.1262,100,doc,1cm,490.65,475.86,-385.32,2_0
2,5,0.1494,12280,47.5099,158.489319,doc,1cm,378.23,370.55,-281.69,2_0
2,5,0.1181,12280,43.1725,251.188643,doc,1cm,297.07,293.11,-205.42,2_0
2,5,0.0947,12280,40.4529,398.107171,doc,1cm,237.07,234.85,-155.33,2_0
2,5,0.0795,12280,34.1202,630.957344,doc,1cm,198.41,197.28,-112.45,2_0
2,5,0.0686,12280,30.2275,1000,doc,1cm,170.83,170.17,-86.86,2_0
2,5,0.0601,12280,26.7784,1584.89319,doc,1cm,149.4,149.0,-67.95,2_0
2,5,0.0532,12280,23.7598,2511.88643,doc,1cm,132.06,131.82,-53.68,2_0
2,5,0.0493,12280,21.2441,3981.07171,doc,1cm,122.29,122.12,-44.69,2_0
2,5,0.0449,12280,19.3523,6309.57344,doc,1cm,111.27,111.16,-37.17,2_0
2,5,0.0406,12280,18.0565,10000,doc,1cm,100.53,100.45,-31.39,2_0
2,5,0.0373,12280,17.3748,15848.9319,doc,1cm,92.3,92.23,-27.75,2_0
2,5,0.0346,12280,17.1071,25118.8643,doc,1cm,85.57,85.52,-25.33,2_0
2,5,0.0322,12280,17.289,39810.7171,doc,1cm,79.6,79.55,-23.79,2_0
2,5,0.0297,12280,17.4714,63095.7344,doc,1cm,73.38,73.34,-22.15,2_0
2,5,0.0269,12280,17.3624,100000,doc,1cm,66.42,66.39,-19.92,2_0
2,5,0.0242,12280,17.0282,158489.319,doc,1cm,59.72,59.7,-17.57,2_0
2,5,0.0229,12280,16.6979,200000,doc,1cm,56.5,56.48,-16.3,2_0
3,5,1.8775,12280,35.058,10,doc,1cm,7383.73,5471.5,-5033.06,0_0
3,5,1.5134,12280,30.4108,15.8489319,doc,1cm,5330.28,4550.53,-3303.51,0_0
3,5,0.0059,12280,31.753,25.1188643,doc,1cm,14.51,14.5,-7.64,0_0
3,5,1.1106,12280,29.8602,39.8107171,doc,1cm,3506.5,3194.92,-2045.03,0_0
3,5,0.9801,12280,26.9923,63.0957344,doc,1cm,2994.01,2808.34,-1585.46,0_0
3,5,0.8737,12280,23.5331,100,doc,1cm,2600.16,2493.65,-1206.52,0_0
3,5,0.7985,12280,20.6483,158.489319,doc,1cm,2333.83,2267.88,-951.73,0_0
3,5,0.7348,12280,18.4314,251.188643,doc,1cm,2115.57,2072.59,-768.2,0_0
3,5,0.6886,12280,17.0976,398.107171,doc,1cm,1961.31,1929.69,-657.95,0_0
3,5,0.6456,12280,16.7269,630.957344,doc,1cm,1820.68,1794.79,-593.16,0_0
3,5,0.6087,12280,17.4924,1000,doc,1cm,1702.19,1677.68,-574.18,0_0
3,5,0.5663,12280,19.555,1584.89319,doc,1cm,1568.48,1542.81,-582.37,0_0
3,5,0.5211,12280,22.8622,2511.88643,doc,1cm,1428.72,1400.11,-607.27,0_0
3,5,0.4643,12280,27.3534,3981.07171,doc,1cm,1257.05,1226.06,-621.04,0_0
3,5,0.401,12280,32.3553,6309.57344,doc,1cm,1070.73,1040.06,-605.17,0_0
3,5,0.333,12280,37.2549,10000,doc,1cm,876.2,849.64,-551.08,0_0
3,5,0.267,12280,41.3379,15848.9319,doc,1cm,692.74,672.71,-469.43,0_0
3,5,0.2083,12280,44.0946,25118.8643,doc,1cm,533.82,520.47,-377.94,0_0
3,5,0.1604,12280,45.1418,39810.7171,doc,1cm,407.0,398.91,-292.17,0_0
3,5,0.1233,12280,44.1213,63095.7344,doc,1cm,310.48,305.98,-218.42,0_0
3,5,0.0965,12280,41.307,100000,doc,1cm,241.67,239.26,-161.05,0_0
3,5,0.0777,12280,37.3501,158489.319,doc,1cm,193.84,192.56,-118.68,0_0
3,5,0.071,12280,35.1401,200000,doc,1cm,176.89,175.94,-102.73,0_0
3,5,1.1273,12280,37.9986,20,ngang,1cm,3574.57,3083.04,-2450.77,0_0
3,5,1.2536,12280,28.7429,25.1188643,ngang,1cm,4109.07,3701.51,-2375.71,0_0
3,5,1.0246,12280,35.6599,39.8107171,ngang,1cm,3164.99,2821.73,-2069.11,0_0
3,5,0.8915,12280,32.6485,63.0957344,ngang,1cm,2664.63,2459.24,-1614.7,0_0
3,5,0.7707,12280,29.0049,100,ngang,1cm,2237.77,2122.94,-1217.02,0_0
3,5,0.6842,12280,25.4432,158.489319,ngang,1cm,1946.79,1879.76,-935.63,0_0
3,5,0.6186,12280,22.427,251.188643,ngang,1cm,1733.79,1692.49,-736.88,0_0
3,5,0.5699,12280,20.1521,398.107171,ngang,1cm,1579.73,1552.11,-603.52,0_0
3,5,0.5273,12280,18.7345,630.957344,ngang,1cm,1447.73,1427.76,-512.64,0_0
3,5,0.4924,12280,18.3199,1000,ngang,1cm,1341.44,1325.14,-462.03,0_0
3,5,0.457,12280,19.0503,1584.89319,ngang,1cm,1235.3,1220.47,-438.44,0_0
3,5,0.424,12280,20.9496,2511.88643,ngang,1cm,1137.83,1122.78,-438.65,0_0
3,5,0.3863,12280,24.0664,3981.07171,ngang,1cm,1028.19,1012.19,-447.34,0_0
3,5,0.3418,12280,28.1453,6309.57344,ngang,1cm,901.06,884.55,-447.88,0_0
3,5,0.2922,12280,32.6233,10000,ngang,1cm,762.19,746.62,-427.52,0_0
3,5,0.2414,12280,36.6956,15848.9319,ngang,1cm,622.95,610.03,-383.05,0_0
3,5,0.1931,12280,39.5238,25118.8643,ngang,1cm,493.31,484.02,-320.43,0_0
3,5,0.152,12280,40.5914,39810.7171,ngang,1cm,385.02,379.09,-254.41,0_0
3,5,0.1202,12280,39.6666,63095.7344,ngang,1cm,302.48,298.99,-195.56,0_0
3,5,0.0965,12280,37.1408,100000,ngang,1cm,241.67,239.7,-147.58,0_0
3,5,0.0796,12280,33.6943,158489.319,ngang,1cm,198.66,197.56,-111.38,0_0
3,5,0.0733,12280,31.8032,200000,ngang,1cm,182.7,181.87,-97.28,0_0
3,5,1.1982,12280,37.0775,20,doc,1cm,3870.24,3314.41,-2628.24,1_0
3,5,0.9893,12280,42.3951,25.1188643,doc,1cm,3029.05,2609.13,-2193.34,1_0
3,5,0.8048,12280,39.2719,39.8107171,doc,1cm,2355.77,2135.07,-1610.91,1_0
3,5,0.6698,12280,35.0754,63.0957344,doc,1cm,1899.48,1783.65,-1183.61,1_0
3,5,0.5694,12280,29.9708,100,doc,1cm,1578.17,1519.17,-856.49,1_0
3,5,0.5004,12280,24.9955,158.489319,doc,1cm,1365.66,1334.72,-626.72,1_0
3,5,0.4526,12280,20.8705,251.188643,doc,1cm,1222.22,1204.89,-471.98,1_0
3,5,0.4185,12280,17.5249,398.107171,doc,1cm,1121.72,1111.42,-365.25,1_0
3,5,0.3934,12280,15.24,630.957344,doc,1cm,1048.7,1041.9,-297.27,1_0
3,5,0.3732,12280,14.0887,1000,doc,1cm,990.51,985.33,-259.2,1_0
3,5,0.3555,12280,13.9203,1584.89319,doc,1cm,939.94,935.4,-242.26,1_0
3,5,0.3373,12280,14.7734,2511.88643,doc,1cm,888.34,883.79,-241.67,1_0
3,5,0.3167,12280,16.636,3981.07171,doc,1cm,830.41,825.41,-252.29,1_0
3,5,0.2932,12280,19.4592,6309.57344,doc,1cm,764.96,759.2,-268.68,1_0
3,5,0.2659,12280,23.0123,10000,doc,1cm,689.73,683.26,-282.12,1_0
3,5,0.2345,12280,26.9346,15848.9319,doc,1cm,604.27,597.56,-284.01,1_0
3,5,0.2012,12280,30.7299,25118.8643,doc,1cm,514.87,508.6,-270.8,1_0
3,5,0.1677,12280,33.855,39810.7171,doc,1cm,426.16,421.01,-242.7,1_0
3,5,0.1376,12280,35.7766,63095.7344,doc,1cm,347.51,343.71,-206.64,1_0
3,5,0.1119,12280,36.2659,100000,doc,1cm,281.12,278.57,-168.57,1_0
3,5,0.0913,12280,35.5684,158489.319,doc,1cm,228.4,226.79,-134.38,1_0
3,5,0.0827,12280,34.8708,200000,doc,1cm,206.53,205.25,-119.33,1_0
3,5,0.5484,12280,60.0527,20,doc,1cm,1512.79,1328.41,-1293.09,2_0
3,5,0.4712,12280,60.3734,25.1188643,doc,1cm,1277.68,1144.48,-1098.57,2_0
3,5,0.3499,12280,60.794,39.8107171,doc,1cm,924.02,853.16,-800.88,2_0
3,5,0.2563,12280,60.726,63.0957344,doc,1cm,663.48,626.88,-576.47,2_0
3,5,0.187,12280,57.2305,100,doc,1cm,477.12,460.01,-401.89,2_0
3,5,0.1367,12280,57.0235,158.489319,doc,1cm,345.17,336.26,-290.06,2_0
3,5,0.101,12280,53.4089,251.188643,doc,1cm,253.17,248.91,-204.0,2_0
3,5,0.0765,12280,48.6687,398.107171,doc,1cm,190.8,188.76,-143.96,2_0
3,5,0.06,12280,43.0332,630.957344,doc,1cm,149.15,148.16,-102.34,2_0
3,5,0.0489,12280,37.3236,1000,doc,1cm,121.28,120.78,-73.96,2_0
3,5,0.0413,12280,31.6618,1584.89319,doc,1cm,102.28,102.02,-54.0,2_0
3,5,0.0301,12280,26.8659,2511.88643,doc,1cm,74.37,74.27,-33.77,2_0
3,5,0.0323,12280,22.615,3981.07171,doc,1cm,79.84,79.76,-30.87,2_0
3,5,0.0294,12280,19.3557,6309.57344,doc,1cm,72.63,72.58,-24.2,2_0
3,5,0.0272,12280,16.9537,10000,doc,1cm,67.17,67.14,-19.68,2_0
3,5,0.0255,12280,15.2075,15848.9319,doc,1cm,62.95,62.93,-16.59,2_0
3,5,0.0238,12280,14.1266,25118.8643,doc,1cm,58.73,58.71,-14.4,2_0
3,5,0.0224,12280,13.7184,39810.7171,doc,1cm,55.26,55.25,-13.16,2_0
3,5,0.0212,12280,13.7041,63095.7344,doc,1cm,52.29,52.28,-12.44,2_0
3,5,0.02,12280,13.9836,100000,doc,1cm,49.32,49.31,-11.96,2_0
3,5,0.0187,12280,14.7732,158489.319,doc,1cm,46.1,46.09,-11.8,2_0
3,5,0.0181,12280,15.377,200000,doc,1cm,44.62,44.6,-11.87,2_0
4,5,0.0059,12280,32.1503,20,doc,1cm,14.51,14.5,-7.73,0_0
4,5,0.2092,12280,37.4386,25.1188643,doc,1cm,536.23,526.31,-333.95,0_0
4,5,0.9878,12280,35.266,39.8107171,doc,1cm,3023.32,2717.13,-1955.17,0_0
4,5,0.842,12280,32.121,63.0957344,doc,1cm,2486.71,2314.06,-1479.65,0_0
4,5,0.7322,12280,28.149,100,doc,1cm,2106.8,2011.09,-1111.59,0_0
4,5,0.6532,12280,24.4887,158.489319,doc,1cm,1845.33,1789.62,-853.32,0_0
4,5,0.5948,12280,21.5408,251.188643,doc,1cm,1658.07,1623.28,-676.5,0_0
4,5,0.5498,12280,19.5016,398.107171,doc,1cm,1517.13,1493.32,-560.12,0_0
4,5,0.5013,12280,18.596,630.957344,doc,1cm,1368.39,1350.89,-478.8,0_0
4,5,0.4692,12280,18.9253,1000,doc,1cm,1271.69,1256.15,-449.61,0_0
4,5,0.4335,12280,20.6456,1584.89319,doc,1cm,1165.75,1150.36,-444.12,0_0
4,5,0.4062,12280,23.8316,2511.88643,doc,1cm,1085.84,1068.28,-469.82,0_0
4,5,0.3553,12280,28.0715,3981.07171,doc,1cm,939.37,921.48,-466.81,0_0
4,5,0.3041,12280,32.8681,6309.57344,doc,1cm,795.24,778.02,-449.6,0_0
4,5,0.2511,12280,37.2403,10000,doc,1cm,649.31,634.85,-404.53,0_0
4,5,0.2006,12280,40.3706,15848.9319,doc,1cm,513.27,502.8,-339.32,0_0
4,5,0.1576,12280,41.9098,25118.8643,doc,1cm,399.66,392.87,-270.99,0_0
4,5,0.1232,12280,41.7483,39810.7171,doc,1cm,310.22,306.17,-209.03,0_0
4,5,0.0974,12280,39.8625,63095.7344,doc,1cm,243.97,241.67,-157.99,0_0
4,5,0.079,12280,36.6173,100000,doc,1cm,197.14,195.87,-118.71,0_0
4,5,0.0658,12280,32.75,158489.319,doc,1cm,163.76,163.05,-89.39,0_0
4,5,0.0607,12280,30.693,200000,doc,1cm,150.91,150.38,-77.71,0_0
4,5,0.0897,12280,38.693,20,ngang,1cm,224.33,222.49,-141.64,0_0
4,5,1.3237,12280,38.9347,25.1188643,ngang,1cm,4421.57,3631.14,-3103.87,0_0
4,5,0.832,12280,24.8743,39.8107171,ngang,1cm,2451.29,2346.93,-1184.29,0_0
4,5,0.9218,12280,34.7287,63.0957344,ngang,1cm,2775.66,2526.06,-1764.47,0_0
4,5,0.7848,12280,31.2389,100,ngang,1cm,2286.33,2148.61,-1321.82,0_0
4,5,0.6867,12280,27.9205,158.489319,ngang,1cm,1955.04,1874.43,-1017.47,0_0
4,5,0.6118,12280,25.0401,251.188643,ngang,1cm,1712.07,1662.37,-801.73,0_0
4,5,0.5552,12280,22.8696,398.107171,ngang,1cm,1533.89,1500.7,-656.09,0_0
4,5,0.5064,12280,21.5493,630.957344,ngang,1cm,1383.88,1360.0,-555.84,0_0
4,5,0.465,12280,21.2522,1000,ngang,1cm,1259.14,1240.04,-495.58,0_0
4,5,0.4263,12280,22.1962,1584.89319,ngang,1cm,1144.58,1127.52,-465.67,0_0
4,5,0.386,12280,24.298,2511.88643,ngang,1cm,1027.33,1011.06,-450.85,0_0
4,5,0.3429,12280,27.3375,3981.07171,ngang,1cm,904.17,888.45,-438.06,0_0
4,5,0.2961,12280,30.8183,6309.57344,ngang,1cm,773.0,758.63,-413.14,0_0
4,5,0.2483,12280,34.1145,10000,ngang,1cm,641.69,629.74,-371.66,0_0
4,5,0.2045,12280,36.6567,15848.9319,ngang,1cm,523.67,514.59,-320.34,0_0
4,5,0.165,12280,38.2085,25118.8643,ngang,1cm,419.07,412.8,-264.06,0_0
4,5,0.1319,12280,38.4144,39810.7171,ngang,1cm,332.72,328.74,-209.81,0_0
4,5,0.1062,12280,37.1219,63095.7344,ngang,1cm,266.49,264.1,-162.86,0_0
4,5,0.0869,12280,34.3991,100000,ngang,1cm,217.2,215.83,-124.1,0_0
4,5,0.073,12280,30.9509,158489.319,ngang,1cm,181.94,181.16,-94.56,0_0
4,5,0.0677,12280,29.1409,200000,ngang,1cm,168.55,167.96,-82.91,0_0
4,5,1.1641,12280,45.5145,20,doc,1cm,3726.67,3012.86,-2802.12,1_0
4,5,0.9516,12280,44.3663,25.1188643,doc,1cm,2886.49,2476.24,-2138.73,1_0
4,5,0.6227,12280,41.8006,39.8107171,doc,1cm,1746.91,1613.3,-1228.42,1_0
4,5,0.6219,12280,37.9111,63.0957344,doc,1cm,1744.35,1632.44,-1145.6,1_0
4,5,0.52,12280,32.8184,100,doc,1cm,1425.36,1368.68,-827.94,1_0
4,5,0.4491,12280,27.5467,158.489319,doc,1cm,1211.84,1182.72,-600.97,1_0
4,5,0.4021,12280,22.7746,251.188643,doc,1cm,1073.92,1058.2,-445.47,1_0
4,5,0.3702,12280,18.976,398.107171,doc,1cm,981.91,972.76,-341.61,1_0
4,5,0.3465,12280,16.4504,630.957344,doc,1cm,914.37,908.41,-276.41,1_0
4,5,0.3282,12280,15.0935,1000,doc,1cm,862.69,858.22,-239.18,1_0
4,5,0.3108,12280,14.9615,1584.89319,doc,1cm,813.92,810.03,-222.99,1_0
4,5,0.2937,12280,15.9746,2511.88643,doc,1cm,766.34,762.43,-222.93,1_0
4,5,0.2744,12280,18.0213,3981.07171,doc,1cm,713.06,708.78,-232.01,1_0
4,5,0.252,12280,20.9468,6309.57344,doc,1cm,651.76,646.97,-243.57,1_0
4,5,0.2252,12280,24.3857,10000,doc,1cm,579.18,574.1,-248.22,1_0
4,5,0.1963,12280,27.857,15848.9319,doc,1cm,501.81,496.9,-241.68,1_0
4,5,0.1667,12280,30.8351,25118.8643,doc,1cm,423.54,419.29,-222.34,1_0
4,5,0.1391,12280,32.9279,39810.7171,doc,1cm,351.41,348.1,-194.64,1_0
4,5,0.1149,12280,33.6961,63095.7344,doc,1cm,288.83,286.5,-162.69,1_0
4,5,0.0952,12280,33.2866,100000,doc,1cm,238.35,236.8,-132.49,1_0
4,5,0.0792,12280,31.9695,158489.319,doc,1cm,197.65,196.66,-105.81,1_0
4,5,0.0728,12280,31.0735,200000,doc,1cm,181.44,180.65,-94.62,1_0
4,5,0.5793,12280,58.0352,20,doc,1cm,1609.2,1411.95,-1355.07,2_0
4,5,0.5066,12280,58.2639,25.1188643,doc,1cm,1384.49,1237.11,-1170.97,2_0
4,5,0.3809,12280,58.5514,39.8107171,doc,1cm,1012.63,932.81,-861.56,2_0
4,5,0.2828,12280,58.0726,63.0957344,doc,1cm,736.2,694.49,-624.87,2_0
4,5,0.2068,12280,56.2038,100,doc,1cm,529.81,509.39,-441.64,2_0
4,5,0.1536,12280,53.0972,158.489319,doc,1cm,389.2,379.24,-312.91,2_0
4,5,0.1161,12280,48.6069,251.188643,doc,1cm,291.92,287.15,-220.56,2_0
4,5,0.0907,12280,43.0929,398.107171,doc,1cm,226.87,224.58,-156.27,2_0
4,5,0.0739,12280,37.1092,630.957344,doc,1cm,184.22,183.08,-112.12,2_0
4,5,0.0624,12280,31.5563,1000,doc,1cm,155.19,154.6,-81.93,2_0
4,5,0.0545,12280,26.575,1584.89319,doc,1cm,135.33,135.0,-61.06,2_0
4,5,0.0491,12280,22.7419,2511.88643,doc,1cm,121.79,121.59,-47.47,2_0
4,5,0.0447,12280,19.8134,3981.07171,doc,1cm,110.77,110.65,-37.85,2_0
4,5,0.0412,12280,17.6553,6309.57344,doc,1cm,102.03,101.95,-31.18,2_0
4,5,0.0383,12280,16.1042,10000,doc,1cm,94.79,94.73,-26.48,2_0
4,5,0.0358,12280,15.4132,15848.9319,doc,1cm,88.56,88.51,-23.69,2_0
4,5,0.0336,12280,14.9731,25118.8643,doc,1cm,83.08,83.04,-21.6,2_0
4,5,0.0313,12280,15.234,39810.7171,doc,1cm,77.36,77.32,-20.45,2_0
4,5,0.029,12280,15.5683,63095.7344,doc,1cm,71.64,71.61,-19.33,2_0
4,5,0.027,12280,16.1943,100000,doc,1cm,66.67,66.64,-18.69,2_0
4,5,0.0225,12280,16.821,158489.319,doc,1cm,55.51,55.49,-16.13,2_0
4,5,0.0215,12280,17.0841,200000,doc,1cm,53.03,53.01,-15.64,2_0
5,5,1.4659,12280,29.2448,20,doc,1cm,5093.59,4430.52,-3062.47,0_0
5,5,1.3392,12280,25.515,25.1188643,doc,1cm,4492.29,4093.19,-2408.22,0_0
5,5,1.0626,12280,31.9477,39.8107171,doc,1cm,3314.05,3002.17,-2017.42,0_0
5,5,0.9855,12280,28.806,63.0957344,doc,1cm,3014.56,2802.36,-1681.87,0_0
5,5,0.874,12280,25.0853,100,doc,1cm,2601.24,2481.01,-1274.72,0_0
5,5,0.781,12280,22.0749,158.489319,doc,1cm,2273.21,2202.31,-980.91,0_0
5,5,0.721,12280,19.5856,251.188643,doc,1cm,2069.15,2023.01,-792.43,0_0
5,5,0.6709,12280,18.0169,398.107171,doc,1cm,1903.09,1870.22,-668.11,0_0
5,5,0.6307,12280,17.6322,630.957344,doc,1cm,1772.59,1745.47,-605.04,0_0
5,5,0.5897,12280,18.5347,1000,doc,1cm,1641.96,1616.51,-582.57,0_0
5,5,0.5478,12280,20.9065,1584.89319,doc,1cm,1510.93,1483.9,-594.69,0_0
5,5,0.5022,12280,24.7088,2511.88643,doc,1cm,1371.12,1340.61,-622.97,0_0
5,5,0.4421,12280,29.5651,3981.07171,doc,1cm,1191.12,1158.95,-627.33,0_0
5,5,0.3749,12280,34.9726,6309.57344,doc,1cm,995.39,964.8,-597.87,0_0
5,5,0.3054,12280,39.9424,10000,doc,1cm,798.86,773.78,-529.14,0_0
5,5,0.2404,12280,43.7117,15848.9319,doc,1cm,620.24,602.47,-437.39,0_0
5,5,0.1849,12280,45.7729,25118.8643,doc,1cm,471.55,460.4,-342.62,0_0
5,5,0.1412,12280,45.8586,39810.7171,doc,1cm,356.87,350.47,-258.84,0_0
5,5,0.1091,12280,44.0872,63095.7344,doc,1cm,273.93,270.43,-192.36,0_0
5,5,0.0861,12280,40.7749,100000,doc,1cm,215.17,213.3,-141.76,0_0
5,5,0.0696,12280,36.6729,158489.319,doc,1cm,173.35,172.36,-104.4,0_0
5,5,0.0635,12280,34.5149,200000,doc,1cm,157.96,157.23,-90.24,0_0
5,5,0.0118,12280,30.2026,20,ngang,1cm,29.05,29.03,-14.64,0_0
5,5,1.3499,12280,29.0314,25.1188643,ngang,1cm,4541.46,4028.39,-2678.06,0_0
5,5,1.0767,12280,26.1752,39.8107171,ngang,1cm,3370.09,3144.39,-1767.77,0_0
5,5,1.0647,12280,23.0778,63.0957344,ngang,1cm,3322.37,3149.01,-1568.36,0_0
5,5,0.9711,12280,20.0106,100,ngang,1cm,2959.89,2856.65,-1213.17,0_0
5,5,0.898,12280,17.7406,158.489319,ngang,1cm,2688.31,2621.72,-973.76,0_0
5,5,0.8445,12280,16.3748,251.188643,ngang,1cm,2495.6,2447.02,-830.07,0_0
5,5,0.7967,12280,15.9123,398.107171,ngang,1cm,2327.57,2288.0,-746.2,0_0
5,5,0.7512,12280,16.5415,630.957344,ngang,1cm,2171.14,2134.35,-715.12,0_0
5,5,0.7027,12280,18.2951,1000,ngang,1cm,2008.04,1970.11,-719.58,0_0
5,5,0.6496,12280,21.3187,1584.89319,ngang,1cm,1833.64,1791.52,-748.59,0_0
5,5,0.588,12280,25.6174,2511.88643,ngang,1cm,1636.59,1589.34,-778.78,0_0
5,5,0.5146,12280,30.7928,3981.07171,ngang,1cm,1408.86,1359.76,-776.01,0_0
5,5,0.4333,12280,36.3048,6309.57344,ngang,1cm,1165.16,1119.91,-726.04,0_0
5,5,0.3522,12280,41.4593,10000,ngang,1cm,930.55,893.95,-636.78,0_0
5,5,0.2756,12280,45.7305,15848.9319,ngang,1cm,716.36,690.54,-523.37,0_0
5,5,0.2106,12280,48.5815,25118.8643,ngang,1cm,539.98,523.64,-409.99,0_0
5,5,0.1581,12280,49.6835,39810.7171,ngang,1cm,400.97,391.6,-308.38,0_0
5,5,0.1187,12280,48.7212,63095.7344,ngang,1cm,298.62,293.61,-226.04,0_0
5,5,0.0903,12280,45.8095,100000,ngang,1cm,225.86,223.3,-163.07,0_0
5,5,0.0711,12280,41.5268,158489.319,ngang,1cm,177.14,175.83,-118.26,0_0
5,5,0.0639,12280,39.0519,200000,ngang,1cm,158.97,158.03,-100.86,0_0
5,5,1.228,12280,37.4897,20,doc,1cm,3997.84,3392.71,-2737.33,1_0
5,5,1.0752,12280,27.0676,25.1188643,doc,1cm,3364.11,3125.05,-1811.67,1_0
5,5,0.9086,12280,32.8064,39.8107171,doc,1cm,2727.09,2509.66,-1661.8,1_0
5,5,0.7839,12280,28.7259,63.0957344,doc,1cm,2283.22,2165.58,-1234.4,1_0
5,5,0.6906,12280,24.1084,100,doc,1cm,1967.92,1906.04,-903.34,1_0
5,5,0.6049,12280,20.0169,158.489319,doc,1cm,1690.1,1658.69,-645.92,1_0
5,5,0.5843,12280,16.7738,251.188643,doc,1cm,1624.93,1604.45,-524.31,1_0
5,5,0.4294,12280,14.7733,398.107171,doc,1cm,1153.68,1145.89,-319.65,1_0
5,5,0.5235,12280,13.8431,630.957344,doc,1cm,1436.07,1425.24,-380.89,1_0
5,5,0.4983,12280,14.0609,1000,doc,1cm,1359.29,1349.34,-364.12,1_0
5,5,0.4738,12280,15.3785,1584.89319,doc,1cm,1285.46,1274.89,-373.49,1_0
5,5,0.4445,12280,17.8805,2511.88643,doc,1cm,1198.21,1185.92,-399.65,1_0
5,5,0.4089,12280,21.3957,3981.07171,doc,1cm,1093.7,1079.25,-428.79,1_0
5,5,0.3673,12280,25.4942,6309.57344,doc,1cm,973.61,957.62,-444.87,1_0
5,5,0.3189,12280,30.1173,10000,doc,1cm,836.58,820.42,-439.73,1_0
5,5,0.268,12280,34.515,15848.9319,doc,1cm,695.49,681.1,-407.81,1_0
5,5,0.2187,12280,38.2788,25118.8643,doc,1cm,561.7,550.34,-356.55,1_0
5,5,0.1751,12280,40.9243,39810.7171,doc,1cm,445.65,437.57,-297.06,1_0
5,5,0.1378,12280,42.0419,63095.7344,doc,1cm,348.03,342.86,-236.13,1_0
5,5,0.1087,12280,41.7093,100000,doc,1cm,272.9,269.77,-183.5,1_0
5,5,0.0864,12280,40.1293,158489.319,doc,1cm,215.93,214.11,-140.43,1_0
5,5,0.0774,12280,38.9837,200000,doc,1cm,193.08,191.71,-122.51,1_0
5,5,0.5109,12280,59.278,20,doc,1cm,1397.57,1243.16,-1190.54,2_0
5,5,0.424,12280,59.6412,25.1188643,doc,1cm,1137.83,1034.07,-975.13,2_0
5,5,0.3184,12280,60.0357,39.8107171,doc,1cm,835.17,778.42,-720.37,2_0
5,5,0.2355,12280,59.8728,63.0957344,doc,1cm,606.98,577.05,-523.86,2_0
5,5,0.1728,12280,58.2927,100,doc,1cm,439.59,424.58,-374.2,2_0
5,5,0.1218,12280,55.7184,158.489319,doc,1cm,306.61,299.86,-253.99,2_0
5,5,0.0949,12280,51.7168,251.188643,doc,1cm,237.58,234.04,-187.29,2_0
5,5,0.0725,12280,46.6014,398.107171,doc,1cm,180.68,178.99,-131.98,2_0
5,5,0.0581,12280,41.0267,630.957344,doc,1cm,144.37,143.52,-95.32,2_0
5,5,0.0482,12280,35.7187,1000,doc,1cm,119.53,119.08,-70.2,2_0
5,5,0.0414,12280,31.0813,1584.89319,doc,1cm,102.53,102.28,-53.24,2_0
5,5,0.0362,12280,27.1048,2511.88643,doc,1cm,89.56,89.41,-41.03,2_0
5,5,0.0321,12280,23.8653,3981.07171,doc,1cm,79.35,79.26,-32.27,2_0
5,5,0.0288,12280,21.1769,6309.57344,doc,1cm,71.14,71.09,-25.83,2_0
5,5,0.0262,12280,18.7611,10000,doc,1cm,64.69,64.65,-20.9,2_0
5,5,0.0242,12280,16.7282,15848.9319,doc,1cm,59.72,59.7,-17.27,2_0
5,5,0.0225,12280,15.1286,25118.8643,doc,1cm,55.51,55.49,-14.55,2_0
5,5,0.0211,12280,14.0352,39810.7171,doc,1cm,52.04,52.03,-12.67,2_0
5,5,0.02,12280,13.1785,63095.7344,doc,1cm,49.32,49.31,-11.29,2_0
5,5,0.0189,12280,12.7642,100000,doc,1cm,46.59,46.59,-10.33,2_0
5,5,0.0178,12280,12.6529,158489.319,doc,1cm,43.87,43.87,-9.64,2_0
5,5,0.0173,12280,12.7064,200000,doc,1cm,42.64,42.63,-9.41,2_0
6,5,1.2586,12280,38.2846,20,doc,1cm,4130.97,3461.31,-2866.19,0_0
6,5,1.1037,12280,44.269,25.1188643,doc,1cm,3478.54,2883.02,-2582.78,0_0
6,5,0.8851,12280,42.752,39.8107171,doc,1cm,2641.38,2319.02,-1913.02,0_0
6,5,0.7223,12280,40.0884,63.0957344,doc,1cm,2073.51,1897.36,-1428.28,0_0
6,5,0.5955,12280,36.1567,100,doc,1cm,1660.29,1567.5,-1049.93,0_0
6,5,0.5063,12280,31.9421,158.489319,doc,1cm,1383.57,1332.9,-784.68,0_0
6,5,0.4418,12280,28.0168,251.188643,doc,1cm,1190.23,1161.24,-598.37,0_0
6,5,0.3938,12280,24.8044,398.107171,doc,1cm,1049.86,1032.15,-470.05,0_0
6,5,0.3584,12280,22.7093,630.957344,doc,1cm,948.2,936.1,-389.3,0_0
6,5,0.3279,12280,21.9338,1000,doc,1cm,861.84,852.55,-340.82,0_0
6,5,0.3012,12280,22.471,1584.89319,doc,1cm,787.17,779.08,-316.87,0_0
6,5,0.2728,12280,24.3082,2511.88643,doc,1cm,708.66,701.05,-305.25,0_0
6,5,0.2417,12280,27.0347,3981.07171,doc,1cm,623.77,616.55,-294.49,0_0
6,5,0.2087,12280,30.0401,6309.57344,doc,1cm,534.89,528.42,-276.06,0_0
6,5,0.1764,12280,32.691,10000,doc,1cm,449.08,443.73,-248.44,0_0
6,5,0.1458,12280,34.5805,15848.9319,doc,1cm,368.84,364.83,-213.3,0_0
6,5,0.1195,12280,35.4142,25118.8643,doc,1cm,300.68,297.9,-176.86,0_0
6,5,0.0977,12280,35.1654,39810.7171,doc,1cm,244.73,242.92,-142.7,0_0
6,5,0.0803,12280,33.6396,63095.7344,doc,1cm,200.44,199.32,-112.22,0_0
6,5,0.0673,12280,31.1229,100000,doc,1cm,167.54,166.87,-87.43,0_0
6,5,0.0575,12280,27.9922,158489.319,doc,1cm,142.86,142.47,-67.65,0_0
6,5,0.0539,12280,26.4118,200000,doc,1cm,133.82,133.51,-60.04,0_0
6,5,1.8455,12280,34.8631,20,doc,1cm,7184.26,5389.6,-4883.61,1_0
6,5,1.5957,12280,34.566,25.1188643,doc,1cm,5756.01,4630.16,-3858.59,1_0
6,5,1.3618,12280,20.4511,39.8107171,doc,1cm,4596.48,4316.45,-2072.79,1_0
6,5,1.1745,12280,30.311,63.0957344,doc,1cm,3770.19,3397.26,-2241.11,1_0
6,5,1.0239,12280,24.3875,100,doc,1cm,3162.27,2989.41,-1552.26,1_0
6,5,0.9207,12280,22.5931,158.489319,doc,1cm,2771.6,2658.63,-1251.97,1_0
6,5,0.846,12280,19.2494,251.188643,doc,1cm,2500.93,2434.16,-965.95,1_0
6,5,0.5205,12280,16.7265,398.107171,doc,1cm,1426.89,1411.38,-453.4,1_0
6,5,0.7457,12280,15.2971,630.957344,doc,1cm,2152.46,2121.46,-657.81,1_0
6,5,0.7141,12280,15.1211,1000,doc,1cm,2046.05,2018.85,-614.39,1_0
6,5,0.6751,12280,16.0401,1584.89319,doc,1cm,1916.86,1890.27,-603.84,1_0
6,5,0.6311,12280,18.0953,2511.88643,doc,1cm,1773.88,1745.31,-620.41,1_0
6,5,0.5805,12280,21.196,3981.07171,doc,1cm,1612.97,1581.15,-646.78,1_0
6,5,0.5203,12280,25.0679,6309.57344,doc,1cm,1426.27,1392.23,-658.41,1_0
6,5,0.4528,12280,29.2744,10000,doc,1cm,1222.81,1189.49,-639.6,1_0
6,5,0.3845,12280,33.2558,15848.9319,doc,1cm,1023.0,993.57,-590.28,1_0
6,5,0.3161,12280,36.5251,25118.8643,doc,1cm,828.73,805.87,-512.04,1_0
6,5,0.2558,12280,38.6671,39810.7171,doc,1cm,662.12,645.98,-425.4,1_0
6,5,0.2045,12280,39.409,63095.7344,doc,1cm,523.67,513.25,-339.76,1_0
6,5,0.164,12280,38.8095,100000,doc,1cm,416.44,410.06,-265.74,1_0
6,5,0.1325,12280,37.1817,158489.319,doc,1cm,334.28,330.5,-205.19,1_0
6,5,0.1201,12280,36.0752,200000,doc,1cm,302.23,299.31,-180.6,1_0
6,5,0.6225,12280,56.7227,20,doc,1cm,1746.27,1522.73,-1454.32,2_0
6,5,0.5452,12280,57.1955,25.1188643,doc,1cm,1502.89,1334.62,-1259.28,2_0
6,5,0.412,12280,58.0034,39.8107171,doc,1cm,1102.74,1009.65,-933.31,2_0
6,5,0.3058,12280,58.1767,63.0957344,doc,1cm,799.97,750.6,-679.43,2_0
6,5,0.2258,12280,56.7605,100,doc,1cm,580.79,555.82,-486.95,2_0
6,5,0.167,12280,54.1606,158.489319,doc,1cm,424.32,412.05,-345.63,2_0
6,5,0.1249,12280,50.0348,251.188643,doc,1cm,314.61,308.77,-242.75,2_0
6,5,0.0969,12280,44.8256,398.107171,doc,1cm,242.69,239.86,-172.44,2_0
6,5,0.0777,12280,39.1437,630.957344,doc,1cm,193.84,192.44,-123.41,2_0
6,5,0.0649,12280,33.528,1000,doc,1cm,161.49,160.77,-89.97,2_0
6,5,0.0562,12280,28.5579,1584.89319,doc,1cm,139.6,139.2,-67.3,2_0
6,5,0.0499,12280,24.3254,2511.88643,doc,1cm,123.79,123.56,-51.41,2_0
6,5,0.045,12280,21.0531,3981.07171,doc,1cm,111.52,111.39,-40.38,2_0
6,5,0.0414,12280,18.266,6309.57344,doc,1cm,102.53,102.44,-32.38,2_0
6,5,0.0384,12280,16.254,10000,doc,1cm,95.04,94.98,-26.79,2_0
6,5,0.0359,12280,15.0899,15848.9319,doc,1cm,88.81,88.76,-23.28,2_0
6,5,0.0337,12280,14.4884,25118.8643,doc,1cm,83.33,83.29,-20.98,2_0
6,5,0.0316,12280,14.4168,39810.7171,doc,1cm,78.1,78.07,-19.56,2_0
6,5,0.0297,12280,14.6303,63095.7344,doc,1cm,73.38,73.35,-18.64,2_0
6,5,0.0276,12280,15.0413,100000,doc,1cm,68.16,68.14,-17.78,2_0
6,5,0.0245,12280,15.5805,158489.319,doc,1cm,60.47,60.45,-16.32,2_0
6,5,0.0235,12280,15.8624,200000,doc,1cm,57.99,57.97,-15.92,2_0
7,5,0.0235,12280,44.026,20,doc,1cm,57.99,57.83,-40.38,0_0
7,5,1.0665,12280,35.054,25.1188643,doc,1cm,3329.51,2959.27,-2160.64,0_0
7,5,0.8616,12280,42.3544,39.8107171,doc,1cm,2556.65,2259.68,-1839.52,0_0
7,5,0.7014,12280,39.5975,63.0957344,doc,1cm,2003.72,1843.02,-1366.52,0_0
7,5,0.583,12280,33.4037,100,doc,1cm,1620.84,1544.5,-962.59,0_0
7,5,0.4947,12280,31.4179,158.489319,doc,1cm,1348.39,1301.81,-753.15,0_0
7,5,0.4352,12280,27.5725,251.188643,doc,1cm,1170.75,1143.58,-579.82,0_0
7,5,0.3883,12280,24.5047,398.107171,doc,1cm,1033.96,1017.2,-457.44,0_0
7,5,0.3544,12280,22.5429,630.957344,doc,1cm,936.81,925.18,-381.76,0_0
7,5,0.3245,12280,21.9051,1000,doc,1cm,852.29,843.23,-336.42,0_0
7,5,0.2965,12280,22.5821,1584.89319,doc,1cm,774.11,766.22,-312.79,0_0
7,5,0.2502,12280,24.4478,2511.88643,doc,1cm,646.86,640.47,-279.04,0_0
7,5,0.2381,12280,27.0992,3981.07171,doc,1cm,614.01,606.99,-290.34,0_0
7,5,0.2052,12280,30.021,6309.57344,doc,1cm,525.54,519.3,-270.94,0_0
7,5,0.1733,12280,32.6569,10000,doc,1cm,440.91,435.76,-243.59,0_0
7,5,0.1434,12280,34.6003,15848.9319,doc,1cm,362.59,358.71,-209.72,0_0
7,5,0.1179,12280,35.6833,25118.8643,doc,1cm,296.56,293.81,-175.53,0_0
7,5,0.0963,12280,35.6788,39810.7171,doc,1cm,241.16,239.34,-142.35,0_0
7,5,0.0788,12280,34.4196,63095.7344,doc,1cm,196.63,195.51,-112.29,0_0
7,5,0.0656,12280,32.0137,100000,doc,1cm,163.26,162.58,-87.34,0_0
7,5,0.056,12280,29.008,158489.319,doc,1cm,139.09,138.69,-68.02,0_0
7,5,0.052,12280,27.4107,200000,doc,1cm,129.05,128.74,-59.89,0_0
7,5,1.0804,12280,40.1301,20,doc,1cm,3384.86,2903.81,-2387.69,1_0
7,5,0.9734,12280,38.852,25.1188643,doc,1cm,2968.6,2620.31,-2041.29,1_0
7,5,0.811,12280,35.6591,39.8107171,doc,1cm,2377.44,2187.69,-1522.36,1_0
7,5,0.687,12280,31.6986,63.0957344,doc,1cm,1956.03,1853.79,-1129.3,1_0
7,5,0.5942,12280,26.7977,100,doc,1cm,1656.18,1603.4,-820.4,1_0
7,5,0.5349,12280,22.2986,158.489319,doc,1cm,1471.09,1442.12,-612.76,1_0
7,5,0.4893,12280,18.7386,251.188643,doc,1cm,1332.08,1315.29,-468.38,1_0
7,5,0.4589,12280,16.3551,398.107171,doc,1cm,1240.95,1229.86,-381.32,1_0
7,5,0.4347,12280,15.1903,630.957344,doc,1cm,1169.28,1160.81,-333.13,1_0
7,5,0.4109,12280,15.2592,1000,doc,1cm,1099.53,1092.01,-313.14,1_0
7,5,0.3885,12280,16.3917,1584.89319,doc,1cm,1034.54,1026.9,-314.21,1_0
7,5,0.362,12280,18.6536,2511.88643,doc,1cm,958.46,950.05,-327.59,1_0
7,5,0.331,12280,21.8401,3981.07171,doc,1cm,870.57,861.16,-343.09,1_0
7,5,0.0734,12280,25.6103,6309.57344,doc,1cm,182.96,182.41,-80.02,1_0
7,5,0.256,12280,29.5646,10000,doc,1cm,662.66,652.97,-339.58,1_0
7,5,0.2161,12280,33.1931,15848.9319,doc,1cm,554.72,546.27,-312.59,1_0
7,5,0.1783,12280,36.1572,25118.8643,doc,1cm,454.1,447.46,-273.78,1_0
7,5,0.1446,12280,38.1196,39810.7171,doc,1cm,365.71,360.97,-229.48,1_0
7,5,0.1162,12280,38.7726,63095.7344,doc,1cm,292.18,289.05,-185.33,1_0
7,5,0.0935,12280,38.1326,100000,doc,1cm,234.01,232.07,-146.04,1_0
7,5,0.0761,12280,36.3834,158489.319,doc,1cm,189.79,188.62,-113.63,1_0
7,5,0.069,12280,35.2421,200000,doc,1cm,171.84,170.94,-100.02,1_0
7,5,0.716,12280,53.9014,20,doc,1cm,2052.4,1768.61,-1668.15,2_0
7,5,0.2198,12280,45.4612,25.1188643,doc,1cm,564.65,548.83,-409.22,2_0
7,5,0.4846,12280,54.9839,39.8107171,doc,1cm,1317.91,1196.5,-1085.26,2_0
7,5,0.3683,12280,54.7,63.0957344,doc,1cm,976.47,910.35,-802.17,2_0
7,5,0.2759,12280,52.7081,100,doc,1cm,717.18,683.77,-575.83,2_0
7,5,0.2084,12280,49.5078,158.489319,doc,1cm,534.09,517.55,-410.76,2_0
7,5,0.1624,12280,45.0748,251.188643,doc,1cm,412.24,403.97,-295.65,2_0
7,5,0.1314,12280,40.0178,398.107171,doc,1cm,331.43,327.16,-216.06,2_0
7,5,0.1095,12280,35.1149,630.957344,doc,1cm,274.95,272.67,-160.36,2_0
7,5,0.0933,12280,30.7305,1000,doc,1cm,233.5,232.23,-120.93,2_0
7,5,0.0812,12280,27.0606,1584.89319,doc,1cm,202.72,201.97,-93.4,2_0
7,5,0.0713,12280,24.1589,2511.88643,doc,1cm,177.65,177.19,-73.57,2_0
7,5,0.065,12280,21.7186,3981.07171,doc,1cm,161.74,161.43,-60.53,2_0
7,5,0.059,12280,19.7034,6309.57344,doc,1cm,146.63,146.42,-49.96,2_0
7,5,0.0544,12280,18.1801,10000,doc,1cm,135.08,134.92,-42.56,2_0
7,5,0.0504,12280,17.1987,15848.9319,doc,1cm,125.04,124.93,-37.32,2_0
7,5,0.0467,12280,16.84,25118.8643,doc,1cm,115.78,115.68,-33.83,2_0
7,5,0.0428,12280,16.8564,39810.7171,doc,1cm,106.02,105.94,-30.99,2_0
7,5,0.0395,12280,17.0899,63095.7344,doc,1cm,97.78,97.71,-28.94,2_0
7,5,0.0364,12280,17.5179,100000,doc,1cm,90.05,89.99,-27.29,2_0
7,5,0.0332,12280,18.0331,158489.319,doc,1cm,82.08,82.03,-25.56,2_0
7,5,0.0315,12280,18.3876,200000,doc,1cm,77.85,77.8,-24.7,2_0
9,5,0.1124,12280,45.4796,20,doc,1cm,282.4,278.46,-203.13,0_0
9,5,1.009,12280,52.5714,25.1188643,doc,1cm,3104.62,2486.35,-2474.01,0_0
9,5,0.7754,12280,52.6099,39.8107171,doc,1cm,2253.92,1925.08,-1810.52,0_0
9,5,0.598,12280,51.4524,63.0957344,doc,1cm,1668.21,1494.21,-1327.54,0_0
9,5,0.4612,12280,48.5319,100,doc,1cm,1247.8,1159.93,-957.6,0_0
9,5,0.3644,12280,44.6207,158.489319,doc,1cm,965.32,920.24,-697.27,0_0
9,5,0.2927,12280,39.7901,251.188643,doc,1cm,763.57,740.85,-503.64,0_0
9,5,0.2431,12280,34.5086,398.107171,doc,1cm,627.57,615.89,-366.77,0_0
9,5,0.2084,12280,29.2892,630.957344,doc,1cm,534.09,527.94,-269.52,0_0
9,5,0.1851,12280,24.6349,1000,doc,1cm,472.08,468.66,-202.87,0_0
9,5,0.168,12280,20.8238,1584.89319,doc,1cm,426.95,424.95,-156.32,0_0
9,5,0.1556,12280,18.1044,2511.88643,doc,1cm,394.43,393.13,-126.09,0_0
9,5,0.146,12280,16.6407,3981.07171,doc,1cm,369.36,368.4,-108.67,0_0
9,5,0.137,12280,16.3203,6309.57344,doc,1cm,345.95,345.14,-99.72,0_0
9,5,0.1282,12280,17.1536,10000,doc,1cm,323.14,322.37,-97.58,0_0
9,5,0.1184,12280,18.8171,15848.9319,doc,1cm,297.84,297.05,-98.14,0_0
9,5,0.1076,12280,21.0617,25118.8643,doc,1cm,270.08,269.26,-98.9,0_0
9,5,0.0959,12280,23.3283,39810.7171,doc,1cm,240.14,239.35,-96.64,0_0
9,5,0.0839,12280,25.0727,63095.7344,doc,1cm,209.58,208.89,-90.03,0_0
9,5,0.0728,12280,26.1411,100000,doc,1cm,181.44,180.88,-80.87,0_0
9,5,0.0629,12280,26.4983,158489.319,doc,1cm,156.45,156.02,-70.5,0_0
9,5,0.0588,12280,26.4646,200000,doc,1cm,146.13,145.76,-65.73,0_0
9,5,1.1039,12280,53.0337,20,ngang,1cm,3479.35,2696.9,-2765.79,0_0
9,5,0.6881,12280,53.3723,25.1188643,ngang,1cm,1959.66,1704.84,-1586.77,0_0
9,5,0.7427,12280,53.8327,39.8107171,ngang,1cm,2142.29,1833.94,-1739.09,0_0
9,5,0.5704,12280,52.9738,63.0957344,ngang,1cm,1581.3,1417.17,-1277.29,0_0
9,5,0.4374,12280,50.3493,100,ngang,1cm,1177.24,1093.91,-923.12,0_0
9,5,0.3406,12280,48.0017,158.489319,ngang,1cm,897.66,853.26,-680.55,0_0
9,5,0.2703,12280,42.0784,251.188643,ngang,1cm,701.8,680.54,-482.17,0_0
9,5,0.2205,12280,36.7096,398.107171,ngang,1cm,566.53,555.85,-347.62,0_0
9,5,0.1856,12280,31.2725,630.957344,ngang,1cm,473.41,467.94,-252.29,0_0
9,5,0.1625,12280,26.1484,1000,ngang,1cm,412.51,409.58,-186.57,0_0
9,5,0.1467,12280,21.8372,1584.89319,ngang,1cm,371.19,369.53,-141.61,0_0
9,5,0.135,12280,18.4585,2511.88643,ngang,1cm,340.76,339.76,-110.56,0_0
9,5,0.1262,12280,16.2406,3981.07171,ngang,1cm,317.97,317.3,-91.04,0_0
9,5,0.119,12280,15.1228,6309.57344,ngang,1cm,299.39,298.87,-79.87,0_0
9,5,0.1121,12280,15.0821,10000,ngang,1cm,281.63,281.17,-74.84,0_0
9,5,0.1052,12280,15.9267,15848.9319,ngang,1cm,263.92,263.48,-73.85,0_0
9,5,0.0976,12280,17.5382,25118.8643,ngang,1cm,244.48,244.01,-75.0,0_0
9,5,0.0892,12280,19.4835,39810.7171,ngang,1cm,223.05,222.58,-75.59,0_0
9,5,0.0804,12280,21.3085,63095.7344,ngang,1cm,200.69,200.23,-73.95,0_0
9,5,0.0714,12280,22.7918,100000,ngang,1cm,177.9,177.49,-69.75,0_0
9,5,0.0628,12280,23.8307,158489.319,ngang,1cm,156.2,155.85,-63.77,0_0
9,5,0.0587,12280,24.16,200000,ngang,1cm,145.88,145.57,-60.29,0_0
9,5,0.914,12280,56.3428,20,doc,1cm,2746.92,2207.66,-2249.04,1_0
9,5,0.8024,12280,57.0206,25.1188643,doc,1cm,2347.41,1943.66,-1942.5,1_0
9,5,0.6055,12280,57.8532,39.8107171,doc,1cm,1692.01,1475.28,-1421.46,1_0
9,5,0.4544,12280,57.9518,63.0957344,doc,1cm,1227.57,1112.52,-1037.42,1_0
9,5,0.3365,12280,56.3868,100,doc,1cm,886.08,828.7,-740.05,1_0
9,5,0.2492,12280,53.6387,158.489319,doc,1cm,644.14,616.34,-522.45,1_0
9,5,0.188,12280,49.3345,251.188643,doc,1cm,479.77,466.52,-367.73,1_0
9,5,0.1454,12280,43.5806,398.107171,doc,1cm,367.8,361.62,-256.78,1_0
9,5,0.1174,12280,36.7426,630.957344,doc,1cm,295.27,292.39,-179.13,1_0
9,5,0.0986,12280,29.7737,1000,doc,1cm,247.03,245.69,-124.46,1_0
9,5,0.0874,12280,23.3802,1584.89319,doc,1cm,218.47,217.82,-87.98,1_0
9,5,0.0806,12280,18.0139,2511.88643,doc,1cm,201.2,200.87,-63.14,1_0
9,5,0.0758,12280,14.0406,3981.07171,doc,1cm,189.03,188.85,-46.52,1_0
9,5,0.0727,12280,11.2151,6309.57344,doc,1cm,181.19,181.08,-35.74,1_0
9,5,0.0704,12280,9.411,10000,doc,1cm,175.37,175.3,-29.07,1_0
9,5,0.0685,12280,8.6503,15848.9319,doc,1cm,170.57,170.52,-26.0,1_0
9,5,0.0665,12280,8.7073,25118.8643,doc,1cm,165.53,165.47,-25.39,1_0
9,5,0.0643,12280,9.4397,39810.7171,doc,1cm,159.98,159.92,-26.57,1_0
9,5,0.0618,12280,10.5628,63095.7344,doc,1cm,153.68,153.61,-28.51,1_0
9,5,0.0589,12280,11.9129,100000,doc,1cm,146.38,146.31,-30.56,1_0
9,5,0.0553,12280,13.4746,158489.319,doc,1cm,137.34,137.25,-32.34,1_0
9,5,0.0534,12280,14.2991,200000,doc,1cm,132.57,132.48,-33.07,1_0
9,5,0.8309,12280,57.1645,20,ngang,1cm,2447.4,2007.62,-2023.42,1_0
9,5,0.4324,12280,57.7355,25.1188643,ngang,1cm,1162.51,1059.91,-981.26,1_0
9,5,0.5459,12280,58.3313,39.8107171,ngang,1cm,1505.05,1330.84,-1271.72,1_0
9,5,0.4089,12280,58.2195,63.0957344,ngang,1cm,1093.7,1001.55,-927.38,1_0
9,5,0.3017,12280,56.3631,100,ngang,1cm,788.56,743.13,-658.53,1_0
9,5,0.2237,12280,53.4252,158.489319,ngang,1cm,575.14,553.14,-465.08,1_0
9,5,0.1681,12280,49.1174,251.188643,ngang,1cm,427.22,416.8,-326.12,1_0
9,5,0.1308,12280,43.4978,398.107171,ngang,1cm,329.87,324.92,-229.68,1_0
9,5,0.1061,12280,37.1251,630.957344,ngang,1cm,266.23,263.84,-162.71,1_0
9,5,0.0895,12280,30.7755,1000,ngang,1cm,223.82,222.64,-116.0,1_0
9,5,0.0785,12280,25.0106,1584.89319,ngang,1cm,195.87,195.27,-83.88,1_0
9,5,0.0714,12280,20.0597,2511.88643,ngang,1cm,177.9,177.58,-61.79,1_0
9,5,0.0664,12280,16.1477,3981.07171,ngang,1cm,165.27,165.09,-46.53,1_0
9,5,0.0628,12280,13.1549,6309.57344,ngang,1cm,156.2,156.09,-35.98,1_0
9,5,0.0601,12280,11.2018,10000,ngang,1cm,149.4,149.33,-29.36,1_0
9,5,0.0579,12280,10.0379,15848.9319,ngang,1cm,143.87,143.82,-25.36,1_0
9,5,0.0559,12280,9.8535,25118.8643,ngang,1cm,138.84,138.8,-24.02,1_0
9,5,0.0538,12280,10.2353,39810.7171,ngang,1cm,133.57,133.52,-23.98,1_0
9,5,0.0515,12280,11.0286,63095.7344,ngang,1cm,127.8,127.75,-24.69,1_0
9,5,0.0488,12280,12.0914,100000,ngang,1cm,121.03,120.98,-25.59,1_0
9,5,0.0459,12280,13.4007,158489.319,ngang,1cm,113.77,113.72,-26.6,1_0
9,5,0.0444,12280,14.0363,200000,ngang,1cm,110.02,109.96,-26.91,1_0
9,5,0.5358,12280,60.1668,20,doc,1cm,1473.86,1298.19,-1261.55,2_0
9,5,0.4702,12280,60.9357,25.1188643,doc,1cm,1274.68,1140.1,-1100.18,2_0
9,5,0.3476,12280,62.4088,39.8107171,doc,1cm,917.49,844.5,-804.54,2_0
9,5,0.2558,12280,63.6574,63.0957344,doc,1cm,662.12,622.63,-588.17,2_0
9,5,0.1854,12280,64.0293,100,doc,1cm,472.88,452.44,-422.5,2_0
9,5,0.1319,12280,63.6658,158.489319,doc,1cm,332.72,322.67,-297.07,2_0
9,5,0.0941,12280,62.4807,251.188643,doc,1cm,235.54,230.65,-208.51,2_0
9,5,0.0649,12280,59.7783,398.107171,doc,1cm,161.49,159.35,-139.53,2_0
9,5,0.0473,12280,56.2934,630.957344,doc,1cm,117.28,116.26,-97.66,2_0
9,5,0.0348,12280,51.2256,1000,doc,1cm,86.07,85.61,-67.22,2_0
9,5,0.0271,12280,45.3818,1584.89319,doc,1cm,66.92,66.7,-47.74,2_0
9,5,0.0214,12280,38.5475,2511.88643,doc,1cm,52.78,52.68,-32.97,2_0
9,5,0.018,12280,31.949,3981.07171,doc,1cm,44.37,44.32,-23.54,2_0
9,5,0.0152,12280,25.5892,6309.57344,doc,1cm,37.45,37.42,-16.21,2_0
9,5,0.0142,12280,20.678,10000,doc,1cm,34.97,34.96,-12.38,2_0
9,5,0.0132,12280,16.6448,15848.9319,doc,1cm,32.51,32.5,-9.33,2_0
9,5,0.0123,12280,13.5167,25118.8643,doc,1cm,30.28,30.28,-7.09,2_0
9,5,0.0117,12280,10.8875,39810.7171,doc,1cm,28.8,28.8,-5.45,2_0
9,5,0.0113,12280,8.9828,63095.7344,doc,1cm,27.82,27.81,-4.35,2_0
9,5,0.011,12280,7.7174,100000,doc,1cm,27.08,27.07,-3.64,2_0
9,5,0.0109,12280,7.0533,158489.319,doc,1cm,26.83,26.83,-3.3,2_0
9,5,0.0108,12280,7.2371,200000,doc,1cm,26.58,26.58,-3.36,2_0
